location,avg_temperature,avg_humidity
BuildingA_Floor2,24.504580152671757,54.914656488549596
BuildingB_Floor2,24.265,52.89060810810811
BuildingA_Floor1,24.186298342541434,55.97955801104969
BuildingB_Floor1,24.10420382165605,56.63668789808919
