sensor_id,avg_temp,rank_temp
1021,29.715,1
1036,29.694285714285712,2
1092,29.665714285714284,3
1052,29.17833333333333,4
1094,29.126250000000002,5
